filename,number of times 参加 appears in the file
www.jafra.or.jp_library_letter_backnumber_1999_49_3_6.html,0
www.jafra.or.jp_library_letter_backnumber_1999_49_2_2.html,6
www.jafra.or.jp_library_letter_backnumber_1996_13_3_3.html,1
www.jafra.or.jp_library_letter_backnumber_2001_73_3_4.html,3
www.jafra.or.jp_library_letter_backnumber_2000_61_3_2.html,0
www.jafra.or.jp_library_letter_backnumber_1998_37_3_6.html,0
www.jafra.or.jp_library_letter_backnumber_1997_25_4_1.html,2
www.jafra.or.jp_library_letter_backnumber_1998_37_2_2.html,2
www.jafra.or.jp_library_letter_backnumber_1997_25_3_3.html,0
www.jafra.or.jp_library_letter_backnumber_2002_85_1_1.html,4
www.jafra.or.jp_library_letter_backnumber_2001_73_3_8.html,0
www.jafra.or.jp_library_letter_backnumber_2000_61_4_1.html,0
www.jafra.or.jp_library_letter_backnumber_1995_01_3_6.html,3
www.jafra.or.jp_library_letter_backnumber_1997_25_3_2.html,0
www.jafra.or.jp_library_letter_backnumber_1998_37_5_1.html,0
www.jafra.or.jp_library_letter_backnumber_2002_85_3_1.html,2
www.jafra.or.jp_library_letter_backnumber_1998_37_3_7.html,1
www.jafra.or.jp_library_letter_backnumber_2000_61_3_3.html,4
www.jafra.or.jp_library_letter_backnumber_2001_73_3_5.html,0
www.jafra.or.jp_library_letter_backnumber_1999_49_5_1.html,0
www.jafra.or.jp_library_letter_backnumber_2001_73_2_1.html,3
www.jafra.or.jp_library_letter_backnumber_1996_13_3_2.html,6
www.jafra.or.jp_library_letter_backnumber_1999_49_3_7.html,2
www.jafra.or.jp_library_letter_backnumber_2000_61_3_4.html,1
www.jafra.or.jp_library_letter_backnumber_1998_37_1_1.html,3
www.jafra.or.jp_library_letter_backnumber_1997_25_2_1.html,0
www.jafra.or.jp_library_letter_backnumber_1997_25_3_5.html,0
www.jafra.or.jp_library_letter_backnumber_1995_01_3_1.html,2
www.jafra.or.jp_library_letter_backnumber_2000_61_3_8.html,0
www.jafra.or.jp_library_letter_backnumber_2001_73_1_3.html,1
www.jafra.or.jp_library_letter_backnumber_1999_49_1_1.html,5
www.jafra.or.jp_library_letter_backnumber_1996_13_3_5.html,0
www.jafra.or.jp_library_letter_backnumber_2001_73_3_2.html,0
www.jafra.or.jp_library_letter_backnumber_2001_73_3_3.html,0
www.jafra.or.jp_library_letter_backnumber_1997_25_3_8.html,1
www.jafra.or.jp_library_letter_backnumber_1996_13_3_4.html,0
www.jafra.or.jp_library_letter_backnumber_2001_73_1_2.html,7
www.jafra.or.jp_library_letter_backnumber_2001_73_4_1.html,0
www.jafra.or.jp_library_letter_backnumber_1999_49_3_1.html,0
www.jafra.or.jp_library_letter_backnumber_1997_25_3_4.html,1
www.jafra.or.jp_library_letter_backnumber_1996_13_3_8.html,3
www.jafra.or.jp_library_letter_backnumber_2002_85_3_7.html,5
www.jafra.or.jp_library_letter_backnumber_2000_61_2_1.html,3
www.jafra.or.jp_library_letter_backnumber_1998_37_3_1.html,0
www.jafra.or.jp_library_letter_backnumber_2000_61_3_5.html,1
www.jafra.or.jp_library_letter_backnumber_1995_01_3_3.html,1
www.jafra.or.jp_library_letter_backnumber_1997_25_3_7.html,2
www.jafra.or.jp_library_letter_backnumber_1997_25_5_1.html,1
www.jafra.or.jp_library_letter_backnumber_2002_85_3_4.html,2
www.jafra.or.jp_library_letter_backnumber_2000_61_2_2.html,3
www.jafra.or.jp_library_letter_backnumber_1995_01_4_1.html,9
www.jafra.or.jp_library_letter_backnumber_1998_37_3_2.html,1
www.jafra.or.jp_library_letter_backnumber_2000_61_3_6.html,0
www.jafra.or.jp_library_letter_backnumber_1996_13_3_7.html,0
www.jafra.or.jp_library_letter_backnumber_2001_73_1_1.html,2
www.jafra.or.jp_library_letter_backnumber_2002_85_3_8.html,1
www.jafra.or.jp_library_letter_backnumber_1996_13_5_1.html,5
www.jafra.or.jp_library_letter_backnumber_1999_49_3_2.html,0
www.jafra.or.jp_library_letter_backnumber_1999_49_3_3.html,2
www.jafra.or.jp_library_letter_backnumber_1996_13_3_6.html,1
www.jafra.or.jp_library_letter_backnumber_2001_73_3_1.html,1
www.jafra.or.jp_library_letter_backnumber_1999_49_4_1.html,20
www.jafra.or.jp_library_letter_backnumber_2000_61_3_7.html,0
www.jafra.or.jp_library_letter_backnumber_1998_37_3_3.html,1
www.jafra.or.jp_library_letter_backnumber_2002_85_2_1.html,4
www.jafra.or.jp_library_letter_backnumber_2002_85_3_5.html,0
www.jafra.or.jp_library_letter_backnumber_2000_61_5_1.html,0
www.jafra.or.jp_library_letter_backnumber_1997_25_3_6.html,1
www.jafra.or.jp_library_letter_backnumber_1995_01_3_2.html,2
www.jafra.or.jp_library_letter_backnumber_1998_37_4_1.html,0
www.jafra.or.jp_library_letter_backnumber_2001_73_3_6.html,0
www.jafra.or.jp_library_letter_backnumber_2001_73_2_2.html,2
www.jafra.or.jp_library_letter_backnumber_1996_13_3_1.html,1
www.jafra.or.jp_library_letter_backnumber_1999_49_3_4.html,1
www.jafra.or.jp_library_letter_backnumber_1998_37_3_8.html,1
www.jafra.or.jp_library_letter_backnumber_1995_01_3_5.html,2
www.jafra.or.jp_library_letter_backnumber_1997_25_3_1.html,1
www.jafra.or.jp_library_letter_backnumber_2000_61_1_1.html,3
www.jafra.or.jp_library_letter_backnumber_2002_85_3_2.html,0
www.jafra.or.jp_library_letter_backnumber_1999_49_3_8.html,0
www.jafra.or.jp_library_letter_backnumber_1998_37_3_4.html,1
www.jafra.or.jp_library_letter_backnumber_2000_61_3_1.html,1
www.jafra.or.jp_library_letter_backnumber_1998_37_3_5.html,0
www.jafra.or.jp_library_letter_backnumber_1997_25_1_1.html,0
www.jafra.or.jp_library_letter_backnumber_1998_37_2_1.html,3
www.jafra.or.jp_library_letter_backnumber_2002_85_3_3.html,0
www.jafra.or.jp_library_letter_backnumber_2002_85_4_1.html,0
www.jafra.or.jp_library_letter_backnumber_1995_01_3_4.html,0
www.jafra.or.jp_library_letter_backnumber_2002_85_1_2.html,1
www.jafra.or.jp_library_letter_backnumber_1999_49_3_5.html,0
www.jafra.or.jp_library_letter_backnumber_1999_49_2_1.html,4
www.jafra.or.jp_library_letter_backnumber_2001_73_2_3.html,1
www.jafra.or.jp_library_letter_backnumber_2001_73_3_7.html,3
